range_start,range_end,journal,volume,issue,issue_heading,published_date,title,authors,score,priority,lab_relevance,themes,matched_groups,matched_terms,doi,url,abstract,review_o,review_x,training_label,reviewer_notes
2026-08-02,2026-08-16,Nature Immunology,,,Aug 2026,2026-08-14,TIF1γ holds the line against regulatory T cell plasticity,"Fotini Gounari, Khashayarsha Khazaie",20.0,Must read,3,Inflammation / immune regulation,inflammation_immunity,"inflammation_immunity: T cell, regulatory T cell",10.1038/s41590-026-02620-5,https://doi.org/10.1038/s41590-026-02620-5,,,,,
2026-08-02,2026-08-16,Nature Immunology,,,Aug 2026,2026-08-14,Potent type-specific de novo antibodies complement broadly reactive imprinted antibodies in immune responses to SARS-CoV-2 variants,"Timothy S. Johnston, Shuk Hang Li, ..., Daniel C. Douek",8.0,Archive only,1,Inflammation / immune regulation,inflammation_immunity,inflammation_immunity: immune response,10.1038/s41590-026-02613-4,https://doi.org/10.1038/s41590-026-02613-4,"Abstract For rapidly mutating viruses such as influenza viruses and severe acute respiratory syndrome coronavirus 2 (SARS-CoV-2), immune memory recalled by antigenically drifted variants primarily comprises antibodies that cross-react to the priming strain rather than de novo elicited responses, a phenomenon termed original antigenic sin or immune imprinting. The composition and functionality of de novo responses elicited by variant exposures remain unclear. Here we isolated and characterized hundreds of recall and de novo neutralizing monoclonal antibodies after sequential exposures to SARS-CoV-2 variants in ancestral-imprinted humans. De novo variant type-specific antibodies used different V(D)J genes that were closer to germline sequence, potently neutralized future variants and targeted distinct receptor binding domain epitopes compared to ancestral cross-reactive (recall) antibodies. Nevertheless, neutralizing responses to the updated 2024–2025 booster were predominantly ancestral cross-reactive. These results reveal the distinct contributions of recall and de novo antibodies to a balanced immune response and underscore the benefit of updated booster vaccines, which augment both subsets.",,,,
2026-08-02,2026-08-16,Nature Communications,,,Aug 2026,2026-08-15,DUSP4 promotes anti-tumor CD8+ T cell function and boosts CAR-T cell efficacy in mouse colorectal cancer,"Heng Li, Clara K. T. Koh, ..., Yongliang Zhang",20.0,Must read,3,Inflammation / immune regulation,inflammation_immunity,inflammation_immunity: T cell,10.1038/s41467-026-76779-8,https://doi.org/10.1038/s41467-026-76779-8,,,,,
2026-08-02,2026-08-16,Nature Communications,,,Aug 2026,2026-08-15,Macrophage trained immunity requires a mitochondrial glutamine-restriction checkpoint for antitumor protection in mice,"Ya Chun Yu, Yulseung Sung, ..., Jung Min Han",9.0,Archive only,1,Inflammation / immune regulation,inflammation_immunity,inflammation_immunity: macrophage,10.1038/s41467-026-76757-0,https://doi.org/10.1038/s41467-026-76757-0,,,,,
2026-08-02,2026-08-16,Nature Communications,,,Aug 2026,2026-08-14,Tubular ACSM3 controls fatty acid metabolism and safeguards against acute kidney injury in male mice,"Fengping Zhang, Li Feng, ..., Ping Fu",12.0,Worth scanning,2,Liver metabolism / MASLD; Adipose tissue / adipocyte biology,lipid_metabolism,lipid_metabolism: fatty acid metabolism,10.1038/s41467-026-76637-7,https://doi.org/10.1038/s41467-026-76637-7,,,,,
2026-08-02,2026-08-16,Nature Communications,,,Aug 2026,2026-08-14,Evolutionary conservation analysis reveals a primordial function of STING as a regulator of lipid metabolism via FADS2,"Soumyabrata Guha, Joanna Re, ..., Nadine Laguette",12.0,Worth scanning,2,Liver metabolism / MASLD; Adipose tissue / adipocyte biology,lipid_metabolism,lipid_metabolism: lipid metabolism,10.1038/s41467-026-76833-5,https://doi.org/10.1038/s41467-026-76833-5,"Abstract The stimulator of interferon genes (STING) is a pivotal regulator of type I interferon (IFN) responses. Although the IFN system is confined to vertebrates, STING is present across metazoans and in some unicellular eukaryotes, suggesting involvement in distinct functions prior to vertebrate divergence. Here we explore the conservation of STING-mediated regulation of polyunsaturated fatty acid (PUFA) metabolism. We find that STING homologs from vertebrates, invertebrates, and unicellular eukaryotes interact with fatty acid desaturase 2 (FADS2), the rate-limiting enzyme in PUFA metabolism, and influence subsequent functional outputs. Specifically, we show that STING homologs differentially shape cell susceptibility to infection by DNA and RNA viruses independently of the activation of IFN responses, suggesting that STING-mediated metabolic pathway regulation may participate in primitive host defense mechanisms. Thus, we identify STING-mediated metabolic regulation as an evolutionarily conserved feature and a primordial function of STING.",,,,
2026-08-02,2026-08-16,Nature Communications,,,Aug 2026,2026-08-08,Macrophages tune NK cell IFNγ production through direct lipid transfer,"Cathal Keane, Shauna Mayock, ..., David K. Finlay",5.0,Archive only,1,Inflammation / immune regulation,inflammation_immunity,inflammation_immunity: macrophage,10.1038/s41467-026-76444-0,https://doi.org/10.1038/s41467-026-76444-0,"Abstract Natural killer (NK) cells are critical effectors of innate immunity, but their activity is strongly influenced by metabolic state. While intrinsic NK metabolism has been studied extensively, less is known about how surrounding immune cells shape NK cell function. Here, we identify a direct metabolic communication axis between macrophages and NK cells. Using co-culture and in vivo models, we show that lipopolysaccharide-stimulated macrophages induce lipid accumulation in NK cells that suppresses mTORC1 activity and the production of IFNγ. This lipid accumulation is visualised as increased lipid droplets content in NK cells, generated using fatty acids synthesised within the macrophages. Genetic and pharmacological approaches show that fatty acid transfer from macrophages to NK cells requires cell-cell contact and is associated with CD36 protein transfer via trogocytosis. Blocking fatty acid synthesis specifically in macrophages prevents lipid accumulation in NK cells and restores both mTORC1 activity and IFNγ production. These findings define a previously unrecognized mechanism of macrophage-NK cell cross-regulation, revealing how metabolic exchange constrains NK effector function and establishing a feedback circuit with implications for hyperinflammation and immunotherapy.",,,,
2026-08-02,2026-08-16,Nature Aging,,,Aug 2026,2026-08-14,Physical activity delays ovarian aging in part through adiponectin-related signaling pathways,"Biao Li, Nana Zheng, ..., Jihui Zhang",10.0,Worth scanning,2,Aging / senescence,aging_senescence,aging_senescence: aging,10.1038/s43587-026-01177-0,https://doi.org/10.1038/s43587-026-01177-0,,,,,
2026-08-02,2026-08-16,Nature Aging,,,Aug 2026,2026-08-14,Exercise slows ovarian aging,,10.0,Worth scanning,2,Aging / senescence,aging_senescence,aging_senescence: aging,10.1038/s43587-026-01176-1,https://doi.org/10.1038/s43587-026-01176-1,,,,,
2026-08-02,2026-08-16,Nature Aging,,,Aug 2026,2026-08-13,A National Institute on Aging workshop on sex differences in health across the lifespan,"Jeffrey Pea, Siobhan Addie, ..., Francesca E. Duncan",10.0,Worth scanning,2,Aging / senescence,aging_senescence,aging_senescence: aging,10.1038/s43587-026-01194-z,https://doi.org/10.1038/s43587-026-01194-z,,,,,
2026-08-02,2026-08-16,Science,393,6812,"Volume 393, Issue 6812, Aug 2026",2026-08-13,Chemovaccination with a late-liver-stage antimalarial induces durable immunity against malaria,"Ryan W. J. Steel, Yu Cheng Chua, ..., Justin A. Boddey",27.0,Must read,3,Liver metabolism / MASLD; Inflammation / immune regulation,liver_axis; inflammation_immunity,liver_axis: liver | inflammation_immunity: T cell,10.1126/science.aea7605,https://doi.org/10.1126/science.aea7605,"Plasmodium falciparum sporozoite vaccines, in which parasites are attenuated at the liver stage, provide high efficacy but require complex manufacture and intravenous administration of high sporozoite doses. We found that a single low-dose P. berghei sporozoite exposure (intravenous or mosquito bite) and treatment with a plasmepsin IX and X (PMIX/X) inhibitor, either WM382 or MK-7602, that produced “chemo-attenuated liver merozoites” (CALM) induced sterile immunity in mice for up to 21 months. Protection involved anti–circumsporozoite protein (CSP) antibodies and CD8 + T cells, including liver-resident memory subsets that recognized diverse antigens (SERA1, RPL6, GAP50, RNT, PHIST, S20, and RBP). WM382 also attenuated P. falciparum liver merozoites, and conservation of PMIX/X active sites supports pan- Plasmodium potential for preventing malaria. CALM vaccination merits clinical evaluation, including by natural mosquito exposure if long-acting injectable PMIX/X inhibitor formulations prove feasible.",,,,
2026-08-02,2026-08-16,Journal of Clinical Investigation,,,Aug 2026,2026-08-13,Insulin resistance is associated with mammary mitochondrial dysfunction at the onset of human lactation,"Xin Meng, Taha Elajnaf, ..., Fadil M. Hannan",32.0,Must read,3,Liver metabolism / MASLD; Adipose tissue / adipocyte biology,core_disease_context; adipose_axis,core_disease_context: insulin resistance | adipose_axis: mitochondrial dysfunction,10.1172/jci197311,https://doi.org/10.1172/jci197311,"Insulin resistance (IR) has emerged as a risk factor for lactation insufficiency and delays the onset of milk secretion after childbirth, termed secretory activation (SA). This may cause inadequate infant weight gain and early breastfeeding cessation. However, the mechanisms underlying delayed SA in insulin resistant women are unknown. To investigate this, we characterized the mammary transcriptomes and IR-related hormones of 75 breastfeeding women with healthy term infants during postpartum days 1-5. Participants were divided into IR tertiles based on plasma leptin-to-adiponectin ratio measurements. Those in the highest tertile had later SA onset with greater neonatal weight loss during postpartum days 1-5. Transcriptomic analysis on postpartum day 2 (n=4 high IR vs. n=8 low IR participants) showed transient suppression of mammary insulin and prolactin signaling genes, increased pro-inflammatory gene expression and altered expression of >200 mammary mitochondrial genes. These alterations were absent on postpartum days 3-5. Cultured mammary epithelial cells (MECs) treated with insulin showed upregulation of prolactin signaling and oxidative phosphorylation (OXPHOS) genes, with imaging and bioenergetic studies demonstrating that insulin promotes mitochondrial biogenesis and OXPHOS. Thus, our findings delineate roles for insulin in mammary bioenergetics and highlight mitochondrial dysfunction as a mechanism for delayed SA in insulin resistant women.",,,,
2026-08-02,2026-08-16,Hepatology,,,Aug 2026,2026-08-14,Shear wave elastography demonstrates similar risk stratification performance to vibration-controlled transient elastography in FIB-4–based two-step algorithms for MASLD,"Jaejun Lee, Hyun Yang, ..., Soon Kyu Lee",31.0,Must read,3,Liver metabolism / MASLD,core_disease_context; liver_axis,core_disease_context: MASLD | liver_axis: liver,10.1097/hep.0000000000001841,https://doi.org/10.1097/hep.0000000000001841,"Background & Aims: The role of shear wave elastography (SWE) in two-step MASLD risk stratification remains unclear. We compared SWE with vibration-controlled transient elastography (VCTE) using American Gastroenterological Association (AGA) and European Association for the Study of the Liver (EASL) algorithms. Approach & Results: Patients with MASLD who underwent both VCTE and SWE during the same session between 2019 and 2025 were included. Risk stratification was performed using AGA- and EASL-based two-step approaches. The primary endpoint was liver-related events (LRE). Among 2,817 patients, the AGA-SWE algorithm classified 2,196, 140, and 481 patients as low-, intermediate-, and high-risk, respectively. Using the AGA-SWE algorithm, both intermediate- and high-risk groups showed increased risks of LREs compared with the low-risk group (subdistribution hazard ratio [sHR] 7.60 and 9.86, respectively). The EASL-SWE algorithm also stratified LRE risk relative to the low-risk group, with higher sHRs observed for the intermediate-low, intermediate-high, and high-risk groups (sHR 2.99, 10.83, and 18.87, respectively). The integrated time-dependent area under the curve through 60 months was 0.770 (95% confidence interval [CI]: 0.709, 0.827) and 0.775 (95% CI: 0.712, 0.835) for AGA-SWE and AGA-VCTE, respectively, and 0.804 (95% CI: 0.753, 0.849) and 0.805 (95% CI: 0.750, 0.852) for EASL-SWE and EASL-VCTE, respectively, with no significant differences between SWE and VCTE in either algorithm. No significant net reclassification improvement was observed between SWE- and VCTE-based AGA algorithms. SWE and VCTE demonstrated a strong correlation (Spearman’s ρ = 0.713, 95% CI: 0.691–0.735, p <0.001). Conclusions: SWE-based two-step risk stratification showed similar predictive performance to VCTE-based models for predicting LREs in MASLD, although these findings do not establish formal equivalence.",,,,
2026-08-02,2026-08-16,Hepatology,,,Aug 2026,2026-08-06,Redefining obesity in the context of MASLD,"Daniel Q. Huang, Norbert Stefan",21.0,Must read,3,Liver metabolism / MASLD,core_disease_context,"core_disease_context: MASLD, obesity",10.1097/hep.0000000000001837,https://doi.org/10.1097/hep.0000000000001837,,,,,
2026-08-02,2026-08-16,Nature Reviews Endocrinology,,,Aug 2026,2026-08-14,mRNA-LNP therapeutics for obesity: weight loss with metabolic repair,"Jun Liao, Lukas Farbiak, Daniel J. Siegwart, Chuang Liu",11.0,Worth scanning,2,Liver metabolism / MASLD,core_disease_context,core_disease_context: obesity,10.1038/s41574-026-01297-y,https://doi.org/10.1038/s41574-026-01297-y,,,,,
